{"cameraMode":{"drawMode":0,"name":"Shaded","section":"Shading Mode"},"sceneLighting":true,"audioPlay":false,"sceneViewState":{"showFog":true,"showMaterialUpdate":false,"showSkybox":true,"showFlares":true,"showImageEffects":true,"showParticleSystems":true},"in2DMode":false,"pivot":{"x":9.371095657348633,"y":2.2661185264587404,"z":-5.9821295738220219},"rotation":{"x":-0.3009765148162842,"y":0.2574465870857239,"z":-0.08474911004304886,"w":-0.9143191576004028},"size":31.05501937866211,"orthographic":false}