{"cameraMode":{"drawMode":0,"name":"Shaded","section":"Shading Mode"},"sceneLighting":true,"audioPlay":false,"sceneViewState":{"showFog":true,"showMaterialUpdate":false,"showSkybox":true,"showFlares":true,"showImageEffects":true,"showParticleSystems":true},"in2DMode":false,"pivot":{"x":-5.932851791381836,"y":2.2207398414611818,"z":-4.9187822341918949},"rotation":{"x":0.08650606870651245,"y":0.3840293884277344,"z":-0.03616718575358391,"w":0.9185521006584168},"size":38.42647171020508,"orthographic":false}